,month,SNOW,SNWD,month-num
3,January,0.1602385739923224,1.6950301595009782,1
2,February,0.14811794486714513,1.666889996610176,2
6,March,0.11142243044871813,1.094052911772175,3
0,April,0.02660105526315792,0.34329758421052553,4
7,May,0.00353134714663144,0.01705864306472919,5
5,June,4.7184353152673284e-05,0.0007601923563486251,6
4,July,0.0,0.0,7
1,August,5.304581675862954e-05,0.0,8
8,September,0.00014666393480791616,4.583247962747381e-05,9
